<?xml version="1.0" encoding="UTF-8"?>
<project-private xmlns="http://www.netbeans.org/ns/project-private/1">
    <editor-bookmarks xmlns="http://www.netbeans.org/ns/editor-bookmarks/2" lastBookmarkId="0"/>
    <open-files xmlns="http://www.netbeans.org/ns/projectui-open-files/2">
        <group>
            <file>file:/Users/amontero/Wizard%20stuff/Java/Proyecto-2-POO/src/proyecto_2_kenken/ReadConfig.java</file>
            <file>file:/Users/amontero/Wizard%20stuff/Java/Proyecto-2-POO/src/proyecto_2_kenken/Data.java</file>
            <file>file:/Users/amontero/Wizard%20stuff/Java/Proyecto-2-POO/src/proyecto_2_kenken/classes/Nodo.java</file>
            <file>file:/Users/amontero/Wizard%20stuff/Java/Proyecto-2-POO/src/proyecto_2_kenken/ventanas/MenuPrincipal.java</file>
            <file>file:/Users/amontero/Wizard%20stuff/Java/Proyecto-2-POO/src/proyecto_2_kenken/classes/KenKen.java</file>
            <file>file:/Users/amontero/Wizard%20stuff/Java/Proyecto-2-POO/src/proyecto_2_kenken/Proyecto_2_KenKen.java</file>
            <file>file:/Users/amontero/Wizard%20stuff/Java/Proyecto-2-POO/src/proyecto_2_kenken/classes/Partida.java</file>
            <file>file:/Users/amontero/Wizard%20stuff/Java/Proyecto-2-POO/src/proyecto_2_kenken/ventanas/VentanaJugar.java</file>
            <file>file:/Users/amontero/Wizard%20stuff/Java/Proyecto-2-POO/src/proyecto_2_kenken/ReadPartidaXML.java</file>
            <file>file:/Users/amontero/Wizard%20stuff/Java/Proyecto-2-POO/src/proyecto_2_kenken/classes/Lists.java</file>
            <file>file:/Users/amontero/Wizard%20stuff/Java/Proyecto-2-POO/src/proyecto_2_kenken/SoundPlayer.java</file>
            <file>file:/Users/amontero/Wizard%20stuff/Java/Proyecto-2-POO/src/proyecto_2_kenken/classes/Cell.java</file>
            <file>file:/Users/amontero/Wizard%20stuff/Java/Proyecto-2-POO/src/proyecto_2_kenken/Cronometro.java</file>
            <file>file:/Users/amontero/Wizard%20stuff/Java/Proyecto-2-POO/src/proyecto_2_kenken/ventanas/MenuConfiguracion.java</file>
        </group>
    </open-files>
</project-private>
