<KenKen>
    <Facil>
        <partida>
            <cell>11,+,0,0,5</cell>
            <cell>11,+,0,1,4</cell>
            <cell>120,x,0,2,6</cell>
            <cell>3,+,0,3,2</cell>
            <cell>3,n,0,4,3</cell>
            <cell>2,-,0,5,1</cell>

            <cell>11,+,1,0,2</cell>
            <cell>120,x,1,1,5</cell>
            <cell>120,x,1,2,4</cell>
            <cell>3,+,1,3,1</cell>
            <cell>11,+,1,4,6</cell>
            <cell>2,-,1,5,3</cell>

            <cell>3,+,2,0,1</cell>
            <cell>3,+,2,1,2</cell>
            <cell>15,x,2,2,3</cell>
            <cell>1,-,2,3,4</cell>
            <cell>11,+,2,4,5</cell>
            <cell>6,n,2,5,6</cell>

            <cell>72,x,3,0,4</cell>
            <cell>72,x,3,1,6</cell>
            <cell>15,x,3,2,5</cell>
            <cell>1,-,3,3,3</cell>
            <cell>8,x,3,4,1</cell>
            <cell>8,x,3,5,2</cell>

            <cell>72,x,4,0,3</cell>
            <cell>3,+,4,1,1</cell>
            <cell>3,+,4,2,2</cell>
            <cell>13,+,4,3,6</cell>
            <cell>8,x,4,4,4</cell>
            <cell>9,+,4,5,5</cell>

            <cell>2,/,5,0,6</cell>
            <cell>2,/,5,1,3</cell>
            <cell>1,n,5,2,1</cell>
            <cell>13,+,5,3,5</cell>
            <cell>13,+,5,4,2</cell>
            <cell>9,+,5,5,4</cell>
        </partida>

	<partida>
            <cell>80,x,0,0,2</cell>
            <cell>80,x,0,1,4</cell>
            <cell>6,+,0,2,5</cell>
            <cell>6,+,0,3,1</cell>
            <cell>5,-,0,4,6</cell>
            <cell>1,-,0,5,3</cell>

            <cell>80,x,1,0,5</cell>
            <cell>80,x,1,1,2</cell>
            <cell>12,x,1,2,6</cell>
            <cell>2,-,1,3,3</cell>
            <cell>5,+,1,4,1</cell>
            <cell>1,-,1,5,4</cell>

            <cell>2,/,2,0,3</cell>
            <cell>12,x,2,1,1</cell>
            <cell>12,x,2,2,2</cell>
            <cell>2,-,2,3,5</cell>
            <cell>02,-,2,4,4</cell>
            <cell>02,-,2,5,6</cell>

            <cell>2,/,3,0,6</cell>
            <cell>1,-,3,1,5</cell>
            <cell>1,-,3,2,4</cell>
            <cell>2,n,3,3,2</cell>
            <cell>14,+,3,4,3</cell>
            <cell>3,+,3,5,1</cell>

            <cell>7,+,4,0,4</cell>
            <cell>7,+,4,1,3</cell>
            <cell>3,/,4,2,1</cell>
            <cell>14,+,4,3,6</cell>
            <cell>14,+,4,4,5</cell>
            <cell>3,+,4,5,2</cell>

            <cell>5,-,5,0,1</cell>
            <cell>5,-,5,1,6</cell>
            <cell>3,/,5,2,3</cell>
            <cell>40,x,5,3,4</cell>
            <cell>40,x,5,4,2</cell>
            <cell>40,x,5,5,5</cell>
        </partida>

    <partida>
            <cell>36,x,0,0,1</cell>
            <cell>36,x,0,1,3</cell>
            <cell>36,x,0,2,2</cell>
            <cell>36,x,0,3,6</cell>
            <cell>9,+,0,4,5</cell>
            <cell>9,+,0,5,4</cell>

            <cell>3,n,1,0,3</cell>
            <cell>120,x,1,1,5</cell>
            <cell>5,+,1,2,4</cell>
            <cell>5,+,1,3,1</cell>
            <cell>3,/,1,4,6</cell>
            <cell>3,/,1,5,2</cell>

            <cell>120,x,2,0,4</cell>
            <cell>120,x,2,1,6</cell>
            <cell>8,+,2,2,3</cell>
            <cell>8,+,2,3,5</cell>
            <cell>11,+,2,4,2</cell>
            <cell>2,-,2,5,1</cell>

            <cell>4,-,3,0,5</cell>
            <cell>4,-,3,1,1</cell>
            <cell>1,-,3,2,6</cell>
            <cell>11,+,3,3,2</cell>
            <cell>11,+,3,4,4</cell>
            <cell>2,-,3,5,3</cell>

            <cell>48,x,4,0,2</cell>
            <cell>48,x,4,1,4</cell>
            <cell>1,-,4,2,5</cell>
            <cell>11,+,4,3,3</cell>
            <cell>5,-,4,4,1</cell>
            <cell>5,-,4,5,6</cell>

            <cell>48,x,5,0,6</cell>
            <cell>2,/,5,1,2</cell>
            <cell>2,/,5,2,1</cell>
            <cell>4,n,5,3,4</cell>
            <cell>2,-,5,4,3</cell>
            <cell>2,-,5,5,5</cell>
        </partida>
    </Facil>
    <Medio>
        <partida>
            <cell>14,+,0,0,5</cell>
            <cell>14,+,0,1,4</cell>
            <cell>24,x,0,2,3</cell>
            <cell>5,-,0,3,1</cell>
            <cell>5,-,0,4,6</cell>
            <cell>3,/,0,5,2</cell>

            <cell>36,x,1,0,1</cell>
            <cell>14,+,1,1,5</cell>
            <cell>24,x,1,2,4</cell>
            <cell>1,-,1,3,2</cell>
            <cell>1,-,1,4,3</cell>
            <cell>3,/,1,5,6</cell>

            <cell>36,x,2,0,6</cell>
            <cell>36,x,2,1,3</cell>
            <cell>24,x,2,2,2</cell>
            <cell>2,-,2,3,5</cell>
            <cell>3,-,2,4,1</cell>
            <cell>3,-,2,5,4</cell>

            <cell>36,x,3,0,2</cell>
            <cell>5,-,3,1,1</cell>
            <cell>5,-,3,2,6</cell>
            <cell>2,-,3,3,3</cell>
            <cell>60,x,3,4,4</cell>
            <cell>60,x,3,5,5</cell>

            <cell>7,+,4,0,4</cell>
            <cell>7,+,4,1,2</cell>
            <cell>7,+,4,2,1</cell>
            <cell>6,n,4,3,6</cell>
            <cell>40,x,4,4,5</cell>
            <cell>60,x,4,5,3</cell>

            <cell>3,n,5,0,3</cell>
            <cell>1,-,5,1,6</cell>
            <cell>1,-,5,2,5</cell>
            <cell>40,x,5,3,4</cell>
            <cell>40,x,5,4,2</cell>
            <cell>60,x,5,5,1</cell>
        </partida>

        <partida>
            <cell>20,x,0,0,5</cell>
            <cell>5,-,0,1,6</cell>
            <cell>5,-,0,2,1</cell>
            <cell>13,+,0,3,2</cell>
            <cell>9,+,0,4,3</cell>
            <cell>9,+,0,5,4</cell>

            <cell>20,x,1,0,4</cell>
            <cell>1,n,1,1,1</cell>
            <cell>13,+,1,2,5</cell>
            <cell>13,+,1,3,6</cell>
            <cell>9,+,1,4,2</cell>
            <cell>10,+,1,5,3</cell>

            <cell>24,x,2,0,2</cell>
            <cell>4,n,2,1,4</cell>
            <cell>15,x,2,2,3</cell>
            <cell>15,x,2,3,5</cell>
            <cell>10,+,2,4,1</cell>
            <cell>10,+,2,5,6</cell>

            <cell>24,x,3,0,1</cell>
            <cell>24,x,3,1,2</cell>
            <cell>24,x,3,2,6</cell>
            <cell>3,n,3,3,3</cell>
            <cell>1,-,3,4,4</cell>
            <cell>1,-,3,5,5</cell>

            <cell>2,/,4,0,6</cell>
            <cell>5,+,4,1,3</cell>
            <cell>5,+,4,2,2</cell>
            <cell>01,-,4,3,4</cell>
            <cell>01,-,4,4,5</cell>
            <cell>2,/,4,5,1</cell>

            <cell>2,/,5,0,3</cell>
            <cell>9,+,5,1,5</cell>
            <cell>9,+,5,2,4</cell>
            <cell>5,-,5,3,1</cell>
            <cell>5,-,5,4,6</cell>
            <cell>2,/,5,5,2</cell>
        </partida>

        <partida>
            <cell>9,+,0,0,1</cell>
            <cell>11,+,0,1,4</cell>
            <cell>30,x,0,2,5</cell>
            <cell>30,x,0,3,2</cell>
            <cell>2,/,0,4,6</cell>
            <cell>2,/,0,5,3</cell>

            <cell>9,+,1,0,5</cell>
            <cell>11,+,1,1,6</cell>
            <cell>30,x,1,2,3</cell>
            <cell>3,-,1,3,4</cell>
            <cell>3,-,1,4,1</cell>
            <cell>16,x,1,5,2</cell>

            <cell>9,+,2,0,3</cell>
            <cell>11,+,2,1,1</cell>
            <cell>011,+,2,2,6</cell>
            <cell>011,+,2,3,5</cell>
            <cell>16,x,2,4,2</cell>
            <cell>16,x,2,5,4</cell>

            <cell>2,/,3,0,4</cell>
            <cell>3,+,3,1,2</cell>
            <cell>3,+,3,2,1</cell>
            <cell>2,-,3,3,3</cell>
            <cell>2,-,3,4,5</cell>
            <cell>6,x,3,5,6</cell>

            <cell>2,/,4,0,2</cell>
            <cell>16,+,4,1,5</cell>
            <cell>24,x,4,2,4</cell>
            <cell>24,x,4,3,6</cell>
            <cell>12,x,4,4,3</cell>
            <cell>6,x,4,5,1</cell>

            <cell>16,+,5,0,6</cell>
            <cell>16,+,5,1,3</cell>
            <cell>16,+,5,2,2</cell>
            <cell>24,x,5,3,1</cell>
            <cell>12,x,5,4,4</cell>
            <cell>5,n,5,5,5</cell>
        </partida>

    </Medio>
    <Dificil>
        <partida>
            <cell>3,-,0,0,3</cell>
            <cell>3,-,0,1,6</cell>
            <cell>48,x,0,2,2</cell>
            <cell>48,x,0,3,4</cell>
            <cell>6,+,0,4,5</cell>
            <cell>6,+,0,5,1</cell>

            <cell>5,n,1,0,5</cell>
            <cell>48,x,1,1,2</cell>
            <cell>48,x,1,2,3</cell>
            <cell>6,n,1,3,6</cell>
            <cell>5,+,1,4,1</cell>
            <cell>5,+,1,5,4</cell>

            <cell>5,-,2,0,6</cell>
            <cell>5,-,2,1,1</cell>
            <cell>1,-,2,2,4</cell>
            <cell>1,-,2,3,3</cell>
            <cell>3,-,2,4,2</cell>
            <cell>3,-,2,5,5</cell>

            <cell>2,/,3,0,2</cell>
            <cell>16,+,3,1,5</cell>
            <cell>16,+,3,2,6</cell>
            <cell>3,-,3,3,1</cell>
            <cell>3,-,3,4,4</cell>
            <cell>3,n,3,5,3</cell>

            <cell>2,/,4,0,1</cell>
            <cell>48,x,4,1,4</cell>
            <cell>16,+,4,2,5</cell>
            <cell>11,+,4,3,2</cell>
            <cell>11,+,4,4,3</cell>
            <cell>11,+,4,5,6</cell>

            <cell>48,x,5,0,4</cell>
            <cell>48,x,5,1,3</cell>
            <cell>4,-,5,2,1</cell>
            <cell>4,-,5,3,5</cell>
            <cell>3,/,5,4,6</cell>
            <cell>3,/,5,5,2</cell>
        </partida>

        <partida>
            <cell>30,x,0,0,1</cell>
            <cell>30,x,0,1,6</cell>
            <cell>30,x,0,2,5</cell>
            <cell>2,/,0,3,4</cell>
            <cell>2,/,0,4,2</cell>
            <cell>3,n,0,5,3</cell>

            <cell>1,-,1,0,4</cell>
            <cell>1,-,1,1,5</cell>
            <cell>3,-,1,2,1</cell>
            <cell>2,n,1,3,2</cell>
            <cell>16,+,1,4,3</cell>
            <cell>16,+,1,5,6</cell>

            <cell>2,/,2,0,6</cell>
            <cell>1,n,2,1,1</cell>
            <cell>3,-,2,2,4</cell>
            <cell>2,-,2,3,3</cell>
            <cell>16,+,2,4,5</cell>
            <cell>16,+,2,5,2</cell>

            <cell>2,/,3,0,3</cell>
            <cell>3,/,3,1,2</cell>
            <cell>3,/,3,2,6</cell>
            <cell>2,-,3,3,5</cell>
            <cell>3,-,3,4,1</cell>
            <cell>3,-,3,5,4</cell>

            <cell>3,-,4,0,2</cell>
            <cell>24,x,4,1,4</cell>
            <cell>3,n,4,2,3</cell>
            <cell>7,+,4,3,1</cell>
            <cell>7,+,4,4,6</cell>
            <cell>6,+,4,5,5</cell>

            <cell>3,-,5,0,5</cell>
            <cell>24,x,5,1,3</cell>
            <cell>24,x,5,2,2</cell>
            <cell>2,-,5,3,6</cell>
            <cell>2,-,5,4,4</cell>
            <cell>6,+,5,5,1</cell>
        </partida>

        <partida>
            <cell>72,x,0,0,6</cell>
            <cell>72,x,0,1,3</cell>
            <cell>72,x,0,2,4</cell>
            <cell>2,/,0,3,1</cell>
            <cell>2,/,0,4,2</cell>
            <cell>5,n,0,5,5</cell>

            <cell>3,n,1,0,3</cell>
            <cell>16,+,1,1,1</cell>
            <cell>16,+,1,2,5</cell>
            <cell>16,+,1,3,6</cell>
            <cell>16,+,1,4,4</cell>
            <cell>24,x,1,5,2</cell>

            <cell>1,-,2,0,1</cell>
            <cell>2,-,2,1,5</cell>
            <cell>2,-,2,2,3</cell>
            <cell>3,/,2,3,2</cell>
            <cell>3,/,2,4,6</cell>
            <cell>24,x,2,5,4</cell>

            <cell>1,-,3,0,2</cell>
            <cell>02,-,3,1,6</cell>
            <cell>2,/,3,2,1</cell>
            <cell>1,-,3,3,4</cell>
            <cell>4,-,3,4,5</cell>
            <cell>24,x,3,5,3</cell>

            <cell>01,-,4,0,5</cell>
            <cell>02,-,4,1,4</cell>
            <cell>2,/,4,2,2</cell>
            <cell>1,-,4,3,3</cell>
            <cell>4,-,4,4,1</cell>
            <cell>5,-,4,5,6</cell>

            <cell>01,-,5,0,4</cell>
            <cell>3,/,5,1,2</cell>
            <cell>3,/,5,2,6</cell>
            <cell>15,x,5,3,5</cell>
            <cell>15,x,5,4,3</cell>
            <cell>5,-,5,5,1</cell>
        </partida>

    </Dificil>
</KenKen>